{"file_hashes":[{"block_hashes":["bH1zgBjUsDGl6DTIfejjqpy0gw/jMAEFeMlgFazr89o=","68TjCMdpEyou0HUhStlybaClUM6UHFxxbWC0n4KxN/Y=","Us6w/Qn0Cpty8igqeMFxt+kISZp8BayjJ3momK0USn0=","75jfCmerdM6HWbtShtzf070Flj9ShLSNHc0cB6XPIi4=","TkfEoP0LQICxLNWvNYFW/Mp4Hmjjj9xgpBBiUb1MAmg=","YM8XQ5ZYjLIqsTte5MziS8yUWBLWLPB8Otv0tdiP4Yc="],"block_size":4096,"path":"_locales/iw/messages.json"},{"block_hashes":["E7TmMouvL+FWAokwgz1dTKLdmMaJrA2ejv2eNrOt1xs=","puJxwDtTEa5WZOP8/511h8kWkX1tpvtybmPzo2Faoa0=","Ek1czXKK6UspNusF4xczleK/oygh1XcBf53euIh13wo=","EruUL3LX+jc2FtkT+Jy04eHZ3qxS4T7Aolz6/PzmozU=","f7y2IkEGmeg0JiSFEovb8iGJc3zxT70KUwWimwKJQrA=","f4TsPfmSnGp6OP85QQVyoV/d7ov+B/CZbAEju+v4QI0=","cA0b4OUclqvdaL3++tdPyXCks/lVTaGEWhAHYXamU+o=","m6/a8uHhD/UvN50qNnIMpu5MQ+DyKrSfmfZbPVDO+IU=","q0vWvCH4dXLM0zSeS+ihSnt35rJ0vn3PUUlwT2A3BFE=","tB2SHsFjTtFWjwQYJMLeG0vHt7Fv33K7Q51mG19lW/4=","B1SoJK/Gj50ShEFnuE8mH5EH/C1RGs+75L0H4bI78/A=","iHG3Zr6dcJUW0EOt6mSqGI4Lzp4yvD3WPtq5OB5jeuo=","GDBFIZOM4SFIp/L+MQ4Ip+EHuYtf0f5v95nGxJ/cXLc=","lt7oZmu7Vzfa8mZubxeEJfoy7UO2tdLVvx6k893jgJ4=","9SFbqvrbiKBvlV7hRnBb+TB9Jf4b/O54UtkobmvTU1U=","JQh62aCIipz3xKkYJufTuhrPbrUEoZ59ECgTk+8yp2c=","+v4aDCvMuiwAZHCUfsHnwW0SubDKANLWUC3VtBUbAwU=","QCer3OoiAHNqq5iicVM1SByOe32yx3GPvJZ59u0YuH8=","RSWdQiSF1OefRonWZ3OEJ3HdO0nxJ4RNG90iGesTHyg=","RscRGuQL+IVtzGHwLz5SbPqVEF6uT0YFPqKeqgvVGno=","XY16zF1O9EV2fZu0/e7Do3QvgjQir1M8sUGSFfUw+js=","0F3qeYpboOhGsZ93Xmrp7jlvUt9U08P5USOE7STrsSQ=","DIcAp/frVQPDxmto4TjrA+DexclaegfGeK5W8wmbkHg=","AvWH48XbHh33eRkgZIXRCqKG9qvvEL77Dynt4KRPj8Y=","YOph73Bobzc9cF1d0dXYaOhnNoqyN0QKg4k+XHH+CXI=","+p1q04KoBjkkFUK0rvXI4Db4LbKtlJGP0cHsvF75zfM=","IV2Wjj3Yqz9ta8t/3HBB2EbCULEnnb+y+/O2fPyNbfE=","y5w9R8rRInwTV7RlDF1hpnVMWxxJgC73Eekkzumfv1U=","ultJQsfVN+iu8dG1IOXJAqwox7YqB/+vWV1TZSJwLGE=","78Sz79qUqnmmR3fRtjbOrMusXHWHFqzDuSf7EXwmn2U=","dOsvblbX6imLxl4SYjdqm5VqxVXrCZhCquVL3dWQG7w=","UeU657SvdkBaeIduq2JFJLUIlwuTer9uQ29VA5o9Rl4=","L48GB9Lk1l/BGgKIxQG+zobffwlmGPnoyRXR/tppGjg=","GX2obj7nxF+RvYpMVMRJpS74jIjHM2RUxZX4cTW5pzc=","klQlNmBeBfmn8EvWtdZYkg85ta24xoshABypC2+8ZyQ=","qux1HC5p36kozv6h9kV2wsvuB4YqqYYo3aCd3qx+6Kc=","1+KPzhubuNiIiDlxQX1QQlGRJA6BTd/mn7zBtTieXMA=","wpKOLR2Ml3okBCCcqd+JBV+XwkMxfJEReonM1Vm8AVA=","Im+3Q7yDJhzyFQf6GPexwJUB4sqrc91afW2VRyteMrc=","qXx6CjyDEDrJ2Zdc0iizAo/ZeoTzJWi0DLyETfRC4Uk=","EkiO25wjp329FAV+vfr4LHwxjSm8bw09LJjaGfGDAQo=","lEmwVvbgPDmvUuR0DQLkv+OzGpYweMSOQQXTtoshkzA=","EuMGll3GMo/anm5rxj5a/mc6JmwWY79tIVcJgkZbWdE=","p7y9vd2/K6PLbeWPJxEy+IxlVlEUJnXkYn8eRas5mBk=","+dL/aKlzrFJoDWlNEkrTgT/OhFemIE1wCeUdVlV/+Ng=","mePbH+oXnZb1FJudYGDf/JxSPiI1LWrGWlgTkZxXxOs=","INjdGfiEarHr8xqQZESiYsUr6PTflrRMOQkKXEMi2RA=","/FPCcTnYSlEqhL390f94RBeax1g+YGBiXYvMuXUTFlA=","wFQ2fBVJYLfXo5V5XABX72ZgTCgqO+2/eJTXw3tVFl8=","CcOrZZ5qgw8qpOB+6TelWsYWhWVRtkUHk9uGGD5Wbg8=","3zWfXBoc6zxLNf3DpNE8l1VACkKI3kzRBf2ZreAkGVg=","dWpvoILh/obJq2JEB6nAaFwuhLDn3C7CYgzckVugUVU=","apiJkwDwyRLJ20rCvMZvK22Y7GlSi1OTUWClNXzt3qo=","YQTPshpuj3XRyb+uZSdsWqw1Xq9vik9Fiyhi9WJfUF0=","sqU1UdhmNVRhE3CqtoMlABXmxPjXg6XoHuKiCc3HOeQ=","hl57m33H0Q6UzYp0odMatF2GPx7XiC5CW7oaH/L9FvA=","MX1/d5LcKB396GPM0HkYyOAu9Oiz2CtEAQrDvl3Ff/Q=","Gj1AOifXxX3U8o0FQSzmuYNUfYK01vNyG7x1GG7Y7bw=","ZGCJJ5R3/ykQIcrms1gaKGEwpZq6UpLghlyjtSDVvFg=","fQLs6tv16H7cdbUyphgogKAktOUi6LrrE9jX76G0qbQ=","Zk9oHA+aE4bCYGc2ul0CH7MrSTXtp7u3C3YQKwYmZKI=","qeoK1bQimZVygrQepBff6up2QpFpul0D3O5CvFu4/+c=","9CBx8QKn3Txp9hO4Iwd3YIQHCW3nQLrkblWiTbYvGmI=","NqBfR/syBAKm3btP8gTwmLR2t5fVlArs5GQLY06G6eo=","0gZviB/V3lj1ATbbvY783yi8DU6doLcemUJZmpEtb0U=","eFGR3Hr1/abtgPOyQNjGXHu5s8Do6xAk80vCoF7ovLs=","yu/hCVFZX7I+fLZdCuU5OH6Lw4dRI32Eh5VqNNSyaos=","MTPF9a789raoggBOBJ6q4duqZYMPu5QfFLhKx8P7tak=","vn+o4JYadX5AjD7iDEd77AiVpRp4vL1JsG3UC2Ry8sc=","pHkgps4ecn8APJ7gVN4nXDNXgcIrJe6BtHRPcAss3bo=","oyqBLY2ocb9ULwM3uNHuGD71pPqLlPCTcufw0gyIeck=","64vHO8gcdrCh88ejCWrWBl+Ct9uzfreTvYs9z3+pPdA=","V3wmSKIDGqNi1p2J2mZ/GepHZyG10tAbMO+VrG5Yj1o=","Ab+Gpr7anZuqOIeuJ+d/SkRtPGCHdgEkS3LV/LAGizo=","2m/KwXcJk0Z4Nxo20jhP9G46Bx45gpSBkiFYDk/+Y7I=","LLA5NAfjQaRD9fbvsFY17NAOkL30jM7HFi1sXjH2hH8=","sB9rp4FhOZbjJ7bCMgWOEulJ6nLavC8xMmhCswijmeQ=","mbxNTI100UxBGwEULtjGLSIW1b1j/VGftNA89u+MGr4=","alS/4KFDQ+mEE49TTOQZIdwYig79JQcx7IdaDRffQyI=","bS7IKO+jxpNv/1O3pUVby2CfsifryeDAO4p9f2ujW7M=","tet3i0CAEWl3IjuHKIijvHbAY6fOPiklT1Yx8fjQZ4A=","KZR0MCMNRfQ97N11/4pYH01Qa8ybkCVrkdLi27BNAD4=","PdAcr1eBoTVhdf2vGtOfN0HXlK2UO0/O2pj3Wbm/V1g=","KD+/6vhCG6V9nkKCwm9ib6Uutbg2ssBqGg4JV1ABGeM=","8t4cGvZaVwWdGA3JNfejbpwxHBF+CVH0WyplVWPQUCo=","B1xTdXZbb0U1aQQLJhpRNUzhpGG1Lru7ULorzUr9PLI=","6ULdbQtrPopdeRryuL1FdpsP9tLAY9xJ+WewVyIN7BY=","kWMjgUmpU+kKd7TbSSN4bbyRepa2SrM3FYOunAR/SCk=","CcJwAdkdRWh8y9KhM0GFCLiKxszfUYZ8p6jIWngixbg=","u3fGcmViQm5dtgFHwrKbEntWSdgBhFNxS85Cd8hBfDA=","13a1roK14hhtbjnsR67f/lgg+OI1uFjWsOoEbeJpuc0=","FyTPlLDktGD17dwwL0coCg7KFR4+3EhY0H+PAt3usFU=","7/iLuD1VimzZM3aztINTYeoim3mXj779y5TtRfgOPJA=","YBrge6yXogQ2E+v1x/fAuf8Qzb66kY0DVLbnx0Diy2s=","x/Z5qy4Rxd19Q3WcY7tfdyyiuDFsobliPkltYH83lIY=","Hfs1jluJKXupzLBKsyCK46wO0dJaVZH8NjVQWwbfcpU=","vOQDSPTAPe3+QWIWCObdwHlpaPQ8qZbVVP75jwtx30A=","DyL2289zskGGUb8XcqSxuLv74Kc9K78L+ntQxU2xgnk=","0iX/YXxgMAfM6c6kj7Dli7/Gumy/ZpRg5ewqLuttrI0=","qrStauKf6T0SvMFCtp35LiwPHnQ2xGoIL1+WkKmZ+/A=","VxYo/ikRB+Z1CGf0jJNQa80WUfnnylEFu55CHZ0+b9A=","DZqlyyoabhB9wsCIO2mzklPPqIy16WuBaTCp4jMaRc8=","Wg0imJiR54gHhaNFKrJjAbW3zHqH/AVK3JumTn+UqHo=","9RD5RW4Hl7Yx8k6ex86x/ZYcOXRYKohS7K2BAVGlQv4=","RUwEqbbNdVIrp/A+HlnvIKels4SDxGHEx4dYeMcPoMA=","4xX7rKUsUUh3DxD5IGelz7dqawiHEjnmb+pX4l1a/Q0=","twUwQq875iRsnfZX/NDZQwZuKUWyh297UHsWUQsk5LQ=","gqhZHFrfCYwZIUg7lMgzmLKD4Ktby9Fb6DLIXen8wgQ=","0x0W7u/KK+so2YjyAy3UZSyHi6AC3wcj/f/pcaoXOlg=","YOf+PhKu0IacjMGNrag5sbKPokCmnLPasneJ0AnR5sU=","Oarq7OlxFhX6zhnWNI5WFSyO0mm1Gg/5BQgRx4ngPH8=","9IG9ftueXUHShQQAqttkqNI2ttktaidxKvPfa5Q5tD0=","LTiItOny/c1GE7LB+lcElCLBlp0tOsMcPHNorwj6SoU=","S7F+kp37mrBR+QvOLL9ecn+xSwTzAekhMK+xgv15630=","wwV3OyB10LBPyxJC9cZsyZCqeYL2nvEfNr3KEld5jSI=","4BWR8ZzT01gN0BsUISr0p4rAcaywptYk5faiYlcgpyg=","eGgla0Z1kIQ+LYL95XtAByyXpS1663PQPLIelNVR/+M=","vnUwxN1UfrLxrrJ0rTKcyMQBtl4NCtwJDiM4YmIBwxc=","bZWrvELMGrkdQeVxfGbd1paXndVb1k6N/2yelMsyDfs=","PDdSOI5Sdh9KRgE+wdpyu6xv4/mRy2hlYXTtV7wxL0A=","8IXODXsN7d1DmhXsPHH4ttIFQQEcjU6PF4we4lgIk+M=","N6kEFMKjvpgxI9iAROdBPCnj/Y/fqdajIUzxuNvagUs=","BMa7rOneTtawhX/sMdvrpH+emtQNdNoQ4mr89cu1nFE=","/Wx9eGbrWA5l40QhKNUXBr4eKhjWcydsJZaf9nRaiGA=","tctJEirXNJL4kFJ0pIcTp0eRFGy3kJXobBtUn72k2/E=","6/ITzKfSLb1vkUfUcj8lp/C9mJIn3GVvm8rRhp33EkY=","v553v/FMhUSOn9QMPsNJqUD15JdyrEKfMXEKBYKa9EI=","yETimsIouc8xGcmExHMYiBjxNijfNd8152RARaotVic=","uid5/6E11pbSi7l5AEzvohNj7E6nNS456yXeUJTuvB8=","w1ILnU3a3BiqYmWqANEec5HJwlig/4uKN2PM3c+jHiw=","L93c7PDJmr9P/eWt/Fi5QWV7BhHsWZQaAtq2x8LLG9Y=","qXquck3BKGXU+TrRnqfpCeXeu18eb9xZjrZ7oUf7Dbc=","3eEKUA/qeKgTg/dCQTp4KEElg+QtbhX3G/5PkA7VehA=","OHKmTfJgio6BPMr/kA/kQw4PDQyn2xJrY6MU5HWnJ7A=","e3RcHpYv8Z95iRiNv8jUfToiTOSCsPCQZeH3jpzoryE=","6EdCcXk8M9kmqhcnGYVGOJfQHq5xfMVqm62aDjO2gBY=","/pcXJlm5OlFeNXSJ5LpM97AUtOVRkr2louD6UiidZ50=","/qLNg/lHDKeILSG/TEPiPFJuRZywTPx/bMlNnsDpUoE=","XT2JC7FV09/jriEbD8rmsqUmiMVLsyyoaOFR5TYDfik=","27rZ2fxLpHzf1fIX4O8e8dvaejgPLHaTLEnjQdgehJE=","ZV15sbN3FrRfevPYLnk7QPhxcp98FG5t2ed6aHEaQ+g="],"block_size":4096,"path":"angular.js"},{"block_hashes":["sGOr+9ZSsE9hegf34Z6XZaF3T+IZ9scR2qdJhw1Rr3c=","/8M1880wycbL4BLRXvONcDHWY1765ZxTrx1QpCfNzPo=","XgHDXmm6SpYfe+f7IRV4POmYmk8YABsdkcW+uNL0OqM=","CMcrek223Cv+MbY1CbZcYWeG6CKSl3nAHGDWXnCtVoU=","Qp2yKmOqiCpCnGGWFhydsmnXKpwmwGEOKGvHqM3WeKI=","ZrdfB3EmAxOSYkwPSKQiKBGfUoSOSgfpD3KhPCKYdg0=","iAJ/QDEm8rs+AP198zj38Vx3ivEOspUKFs35I6pAJZk=","fGKYakc4dYQsu1CdFpEjDkilldUFBrHve1tfAU/8XgA=","Wb/+AcV7/fvFeCDibnJ1Nlpy08uhR3/wg4K/m5znc4A=","1X0dqXIbzf4l17b9LG8OpZN13IfzPLUmb9+Pupbb69k=","9aT5a2Y3kFvLgOasQ3a7waxpFgPk2hqbgr1snaQOP4I="],"block_size":4096,"path":"background_script.js"},{"block_hashes":["cPfbQISMWH0qiL0AZquuJwvH/+uZY3L8b3lp+17lNsM=","nYCQkF7HSDSWZu/eiHiRh+umt0S6XFMvINw4COhGc5s=","7IgFKGLCLg1IJ42kiq6XhDKOKWDjNOOH5Q/qXDV0a6k=","kqKJwbDpeDJh5CLsW9Gs1i3FmgXtAZo/AozNeFKxZog=","+tRnTD2cQpjeDhHm7umX7Kgc4vbYk8JzbKkLApCttvo=","Ywb2plNTS/iZu9rKV9+muNiFaU2RdmHnIVHIn6Mtiu8=","G3UKzyJZnft+6kwpONAcoltJt9QS5T2OPjYgpc5n11E=","HJ9NdIgB8FVfnO0nFLb9xa7Bg6bRyNOkgLfV6e1sMjc=","17QKyKt4OtW6XgWDMZQUh2K1pDoBoc7QGjA5wFyW1rY=","TY/tVfua9u6pKjH8AKfBgjJVz8bM2kZgSK0bNxZhWRw=","x15ts3AxyoZOZGILjQR+5mA/7MrsoGg/F9yvu8YuW1s=","x4jJ8IkrSlrsgvlsqWxDB+hDJJJu3I+lcr/vEhWZxqE=","96duvPSikDp57EOKI5ZmSzYmHCyCZSuVe/qndgmoM8o=","0UrajaZI3rKFbZjoTYnmC4knbSxw0VURwjuVFE3BdOg=","Ut+294uPQMd7FdA5Rrs4FjSX4hvdvecbbqjp3M2AkA0=","R+1eH1AwZHNdQwURcPBOFTjxhQuw1q+uqRiKVrzfi50=","DAwvLdYJifgc735ZyIBYZYgSOG2v3/2yylfWvA0pTac=","HSEZdFbh5ZxuNpbfnOoJ5PxNlU6nzUqihNarledK2gE=","MCbGor75S/JNytd2Ga1ZLmpOql5mJOPkqhTSTmc2dgs=","B+/NGSom4M6g476OBMIfj4mAK4SVDU5vve4CCrYLNHM=","J2Rk3iniiGyLP/6ISHUp088X0yg98nsiqdpPbqOKgcU=","RboCFx9aFrY+EPTRMzfCFXw4uF96iKG0srUJjeG+p+c=","MJF4T7PGpGJJ+bBmzoqmhdBYaW2BqkklDxFz6dz3IjE=","2uK2aTDJi7S/b2UN+3bgDTkyYgQTcJkkG7AhoND3e3Q=","oOgHTGCbERNHH4cJNexJ8PVMOyNlpTC149znqaYVLH8="],"block_size":4096,"path":"cast_game_sender.js"},{"block_hashes":["kON8VFM2MvJcyXNsDPOPRWZp3bDl7AAp37KWqG/7Lzs=","aSKvpLQhJGv1QqCQVAEBY+uSTF0vRNHlEyxnR/kpGpw=","77h9Ygn+cghbMMVuqTVHWFy0ORpDyIQIZ3qSUrnHD5M=","Snmdg8KD4odnG8geviRtGa5emU+TWaRHZsysopLmaPE=","uL0XJ6wqGlPVyFE3BsQitXjxT3KwXyGvxHe/K22m9U0=","KP+UBAyIGmbpPFQmLSDUY+1br7OA7JVm7wmjV+ZHuIo=","iyqEVf/Cf0+kf1MYtgreeqxO7W5bVps30falhvsU2cM=","XaqJ5FDlK8U9j/HremkrQbUck4rY9H6MpJwY4IEPl+0=","kHkCb6SqhesNMZXnMIAP7M2NZ+Y480V9dIVh81i6HBc=","gLOcth6tG/gBIUtB27Taix0Lr8MQHW2ddrd8pptS6TQ=","L2hzRclMd3piX84TvkBFLELgnJ0kOyY+uWmnt+HfKdA=","tA1gU9rqnVLXPCDu5zuYAVdMa6i3k+pCXKL+aolUe24=","EgXpohgzCObc2CTkcOX7spxj/LIzFaKi43/A0liDfuk=","RdUiM8TmLl/1fvu5y8J56l2FEyaEuC78qIrJHKhFedY=","WMALcWDmyZbJCYSrJkmDeWETfTmUyQoRr/0mW9epah8=","EFrp9tlTd7NzQiAzzg+kv5Lze7/m18sQLRMjXyJaxtw=","Kvkro3HC3U6sHsk6sdvJQMUxWqvbb9aH8cVcyobN2RU=","YVogCFWYj3QAKNDqcq0MYCFgMdf7EGwaK1twdyy3WNM="],"block_size":4096,"path":"cast_route_details.html"},{"block_hashes":["z8+KkE+AdfMvjQwjIh/Lz1yx0luoL7ivdnYCRWhNbFs=","6fSPsu5d01ICXnNH6x9AnmjWkTGTHcpg8E+XWkN6/gw=","GKUT3nihXHE98Amdx739OVxor/8Bb7v0Tmv82Ys3QwU=","i8I6tH8BYW8W5b8964qNI8HklVf9smiGHEYWWGIodTI=","18uEnY5dsY/sW8nSewd06HWoOD1W9IA6vwoBzWAcD4Y=","kPLANM5/X+qPD0VDl8SYYuPQZM2Y5Gh7MDSuX5nNUuc=","j7QFz32b6ful6jq2ip1r1nlrgLgFvXwcmRezbtEo3I8=","uXdtexi3C9beAJQZ8/Jv5ewFsBDr5N2Q8kmuPkINlNc=","mwI/OR/zYv1CNyb/qovLrVNbuZOv3KZB/AH1W9Dh3Cc=","2GUdy5xtV1DA1CAk286t/0YObH3OR9A79jXEKFza36o=","+lnoJOBUWht/Xec9fAeKf0HG4mYsbR5nvVb29B5NNrY=","eTr851GhkZnVqSSsg/XDHEkFB8gyb5CIvqBuB4AnD0o=","xtwXs9AaU4HcO+XKSq+vgsFBxVI9yBGItY8vRSHDQ4E=","hi9l6AwKqm0USucmWgIejgJrVLb3DSBI6WLqXiUZVkE=","uI8LdcFsiXRbrUb1TFqsp7EKruQQGSgxRpZKXh0FJb4=","fMCHbJx3xi7l99IcwFwsIhi7D3U+nboRJRP2KD2cB18=","1c67Wg+VK+00r1OFlPzcw4pQMBRSP+h9m4hXGG7u3ng=","iazXBcMG6YuEnMmFWIsPytKS3XndlxrWXqkoaks5yoo=","jV3CG2f5DcxDSucg3ilaPw8CO3dVP7DoDK4LxQ24z/8=","rWHyh14oGC4J3+q/VTYENsRaCmGVq0jD+wVn/5bAvSA=","rykdCZHnwhJ3LPgBKC1PFcUkk+2BHlwWh4L4N/nbJ9M=","UToXjUHX9Q2GLmQM+xPiG8r9AvAfvh5zSeePH6kNDuM=","IRN2rpio8eTaSCUUzrUK7DQGKOYqCC6Dw3v7LK8ky3o=","yrkmUTXOmVfRbaOo06BkQ90XHVjhBs9ARBTGq617Qek=","zOUQKpSFR3bElgiE7maGTB2pgYCxMRq1doiBMnLM/eA=","Dg+oNEUHi1gfZqnefQNZ9WH5VYWXvwWJi/yjZFvO6vE=","tHvCTkySNuDpvNvPqg9WhmhDjRvhQUPXca8hGMV1rPA=","rpXiUTCWkEL/L7EKR8anB80fOg8sSiUISW2LyOzuFEM=","oaBc4fPHa1rSKY/OSBtEumSwpnh9kiSTRVQoUXFbi5s=","90DoAyeHoIPP/F4b4Pe3V/rEiBtkumJ87xaAJQUehIE=","OtTsMS3mkDfqeP2OBdFgitXuN4ta5u35jfSzf6bUvOQ=","l+NjUGbI761R/8+7KZDDxZwhla3IS5/RuQED3XkQ39c=","pmC2H0wT2ZwfyhCOhjw6uWURrCNhkhf29Un0erXTxKc=","s9rE+3mE3NmCKTJ2uAPmAhlR8/qJz/lssWc+41/RGoM=","qwQVWQ/Px8YchXJkYyH+EDcAv8loOS2Xxpva1wd96Xk=","356l+0EVibfs4SIfxEXZA20CGzNTiT8/gqFRAGehKvQ=","mQsVG1Jmj1bgJWWhzkbss37FEO25ram2VhCdTTB693Q=","4v1Yd8KTi3D2USUxsfVK87kRBc6McRtJgWo6IoeIzf8=","DuS8XnHcVxwFmOn1g2RGImDQOkxz1R7pXyNaUI6+82M=","8ufyqDDHwoHs6cKhEcmNr2tMEBi+ROvFjXPHMrS8X7I=","GwKPO1AVB7gPd+EkGzHMOu0KeypSMzLn5PPVoUCbesc=","Ayi39t8PtDJKEIe9+LQw/fNKfzSNVQnjOiPJbp8IJyM=","Ln7sK9ni41wtZ/euck/AssJtnRCJBWssOXlS3l1GE1U=","5rTz1ymiA3MunqGA0ncqgTZTKiP3cpkAqmeUS/En3CI=","tBUaeXkgKWqrBu46X26MnN16ZUjxPoEUk+P1gUM4PK4=","/H9URut/EWzbEuTGDKQnVJd2kqyBeeEbOdr0fXY0NI0=","zClie93wnmP+3hPOArLNTahWjZAjMUru4Jo+bPV7afI=","lm/y9rH97m03IWk+HWQHI1TBGlwhcGMQumkaPmhRcI0=","fX0FMF63k87fXUo/xFRJ1HgB8EYuODUhsfD6RcdCFe0=","sIrpy4nhk8mrWlV5dY0IfsbcjpbalWi/rBgKMl4MCD8=","F1NKunjTC0AD0Fl1hoIYPiyzRAdm3AbtAZKnOgD4v/M=","u3+jBlLfbWkiGJDKfhCyhDCW24WhhAxStcCuLZgQ/5U=","117jn+ro+VmVqNsUqTdYP2YzqVgZ0mNPp49sRYGBR9s=","pck9DSdauTFqG1zht69vTJqgpoNm7OQiOB+SxGSPGUU=","Iadt/kfQWXD2/RNx2f7kY9lh46+lLuuYSHIsAyDpsqs=","ai/3dUPuY94F2ICN66dKrpsw2Qspo3YDJIrxNXPEtgs=","F/hs7meZqVaKcFI8YW8lwA2816cDZTqxmeMRcQjgvrg=","LEHZKJHMDZupdtsJTTAqQbdayoP/3kRsg2hk+ccYTDo=","f7uufZCBrXO26sXgT/eye8gAn4T0uSXA0GM16XigBLE="],"block_size":4096,"path":"cast_route_details.js"},{"block_hashes":["cPfbQISMWH0qiL0AZquuJwvH/+uZY3L8b3lp+17lNsM=","nYCQkF7HSDSWZu/eiHiRh+umt0S6XFMvINw4COhGc5s=","7IgFKGLCLg1IJ42kiq6XhDKOKWDjNOOH5Q/qXDV0a6k=","kqKJwbDpeDJh5CLsW9Gs1i3FmgXtAZo/AozNeFKxZog=","+tRnTD2cQpjeDhHm7umX7Kgc4vbYk8JzbKkLApCttvo=","Ywb2plNTS/iZu9rKV9+muNiFaU2RdmHnIVHIn6Mtiu8=","G3UKzyJZnft+6kwpONAcoltJt9QS5T2OPjYgpc5n11E=","HJ9NdIgB8FVfnO0nFLb9xa7Bg6bRyNOkgLfV6e1sMjc=","17QKyKt4OtW6XgWDMZQUh2K1pDoBoc7QGjA5wFyW1rY=","TY/tVfua9u6pKjH8AKfBgjJVz8bM2kZgSK0bNxZhWRw=","x15ts3AxyoZOZGILjQR+5mA/7MrsoGg/F9yvu8YuW1s=","x4jJ8IkrSlrsgvlsqWxDB+hDJJJu3I+lcr/vEhWZxqE=","nIVVqVh2WpEXL06SJ/9vpHdH/dUD8DtiFCtxKQ2Mh30="],"block_size":4096,"path":"cast_sender.js"},{"block_hashes":["MgZYQcljW1IzKvY3IiIgWpKHSfmbO6rjKZM1FZ2P188=","DLGphte5LbnDdGH/OckkxlzcocHzrPdl6fr8xFbpNNE="],"block_size":4096,"path":"cast_setup/cast_app.css"},{"block_hashes":["tucZpe3Exmp70rlv4wfKNhUDjkI5lwTT6HBbuqSJRCY=","h1AzMcZmPm01hNQy6zyYXL9U4DLrLI0BV9CHh4jqGuY=","2VbDKeHhYk9v40U4lGSSDKcU7cy9vDf2UhmCFoDKuvw=","OUs10doTEAOSrLekZyKL0idLUIFtGZTd5MJ2ycM6NFw=","OyK0IhF1a7iVQDLi6+8vPtRsqHZtx6OQLS2b94V+2DU=","K/vKNpFKIc2dnk1XBC53NHprwEn0Tp+vKbnqL2idU6E=","zy8Sp2fLsWPRTFut3ttdVng9/WNiU4dXq5KQ12T0ubo=","7N4ILScYThyEQNh/MISh5Avl/HsFNOYFsJMK8Bgv+Sg=","PqTnwZKOsMMfCY5LlIzT9DEyqKVmdytsKtdy8HpALnA=","VjOjNoOP7FF7solTqAKMdICfQGmZ8bFP+dQEaq1Pftg=","6X7oylIrXJ1jfdr/wZYVaZnZdJb6rRWk0sW7z9YQz3g=","RT1rxKvaGqLJfKMApdjo5LzZvhDJUjGaEJoMmhOQeAw=","oL4Rwl8TuvzSmaqs6v/POh/NwyW4mHf5gUAsqNFV1q4=","rCRJ9UxPF+vOq/YMmuXQXSjzHhw/pWgJaiV1JikppnQ=","MFrMVe+7pJl0G3DLGvH1eKBxx5mDP0fFfBV6hpIqHrM=","AUEt09YF/5fMunQmPzLnTe3W6ogCLCdYaAoRsVIt3FA=","aHz9/qUQt6wXTUGSs0j2+r6XoaKD38YISgL44y6O3JY=","gOfQT6Z2FtjuUboIRtXOf3gYq3TjOeYUsxpQIkUHKPI=","vI8hsUq95k43dZmpSfJT1tvI4HM2xi9jFgH/tkV0mko=","0A15lVEKe5B5HwZlmPiYhOPqWir1ZKZdh1v6cFMXx88=","b9EiHdn2t2PNOYDacdRpdp76BzuYALPHvtdMGVQg7Ag=","+XXLDEFmzeureMNMTVT5Q/ovkBWj5q92ZCPd0ygoNvE=","sD9b8Oc98JSV0myJJ7qS+bcSH+cjgzgTwBWYgAFioGU=","xh3mF9wBJAh/TEbR0qzjLY+NdW7h2ldGbvs9+7HDZGc=","co5YjycOYxTboFBd02Ay9q/USwKOV5PLAZVcrLR5sX8=","7BAoJZCR7Eje89pssC7VYmakb5ChvD6Ho/NCVyyAxr8=","jwsc6AFBIgE70OHZPcANGcG6ejkqJwDGWD/pEwj/088=","1khXqLx4T9xQVR32mLi6iOETe1h4d/Q1RmD56iFd+BY=","HWN+7hRcSxTJtYk2kQPqnNzgLY/eVZL7lEdw1IuZViM=","95mY6hVmxYdzYbYk6C4YIW9qjPDnT1/tVrVuBn3pxHI=","Y4LF18qf451SBNuYvf7bdD1KMDFuz6/2frsTilNap7I=","BM8wfHLpA+GcgEzk/agNajSTynXNw5yieI2XJ3o+Gy4=","dvo4x+pHz2KIQtOQBPLr1Y7sz8NpJGzDQdbhGo/P1iY=","hZwEV4hlBoiluaJlQdzm/GmuqXOyovimqYEBSprIOeU=","hUQvkwHFJKUFJEDZWRx5tmX5sXwRkUyZFFz9EFkabsM="],"block_size":4096,"path":"cast_setup/cast_app.js"},{"block_hashes":["dTwALeCXDQcyvhysuprD4451so0ugiH5+n+7R3ARtxo="],"block_size":4096,"path":"cast_setup/cast_app_redirect.js"},{"block_hashes":["taGCF4ENrTOcSVKI7QV/FfANl3uFO87L3JlKRoPD97o=","EltQy9OX8Q4Oy1HWZBAVFi/ap/KEE14lgPhwSpvpDMM="],"block_size":4096,"path":"cast_setup/chromecast_logo_grey.png"},{"block_hashes":["JeWGdbydRffIYOAWNzJqZh9oodNg4lCHBuzPpAjt0j8="],"block_size":4096,"path":"cast_setup/devices.html"},{"block_hashes":["ZGIpof+TsxBrTwSIPmvSIsW8kHdjhov+waHvCYCzNmQ="],"block_size":4096,"path":"cast_setup/index.html"},{"block_hashes":["JeWGdbydRffIYOAWNzJqZh9oodNg4lCHBuzPpAjt0j8="],"block_size":4096,"path":"cast_setup/offers.html"},{"block_hashes":["JeWGdbydRffIYOAWNzJqZh9oodNg4lCHBuzPpAjt0j8="],"block_size":4096,"path":"cast_setup/setup.html"},{"block_hashes":["c1F0PRvXI3vzq4vggPKNXwzu0ju8C+BSiJMb0xt8kF4=","A+84iXz1TOBQfjquhQ/9qwd0GHcRXce5Jd5LTWOo6Do="],"block_size":4096,"path":"cloud_route_details/view.html"},{"block_hashes":["aZds3NtwgKPUWTFEX71ng6h3RTWmG3bUOYX39dWVcLU="],"block_size":4096,"path":"cloud_route_details/view.js"},{"block_hashes":["+Pr2M6z3UurBCqWOzcPDLz2nytG44xlJl8OPyHRgfVg=","H5bAKR6Nzwx04VGc6rOvOhVSypZDN8fU4IF6IIIXRo0=","wd8Am1sA9YXHzoOaSiQ5XzKa2fkhRfCS+qyRz2UNbD4=","BOvENBuVjayVZEXiimw2xUvOAlGR4y86FKKEe6T7Q1s=","Le8r3DQfCjmqxvDBgfwU3tWmhrzVw4T1p2n0zRXDnNQ=","LVbBQ/+NEQ7kX1ZZyVsRiPEi7rcTtjrufCtCmCE7nRc=","+GRvb6yH8UvXOchAng8Jw3sdEhSY+XiXIdAB88To7Yk=","D3PahLlewig1Ie4F4hcDN5KSCfBuB4nEgjyyKN0x1qs=","+X3hslXMSmpCX13C/IT/Eqs+gOBE1zIBZt82mGtBnnw=","JmoVSZh45ySyYpKIrtymhXrY5xGK508UjaE7tvDFx2o=","F3GhwEwfM9+JgNt77VOdDR121t4a36uAD4QGxB0i6Lc=","Ky2uGoJqAwypaA5svt1fHP9e+PKKmJyQBWLAlnRVRHc=","B2Jb1S76Bzyun9ao23IRCi2r99sHPw35GUUvVk0mUUA="],"block_size":4096,"path":"common.js"},{"block_hashes":["lJM9O6Ckc5CCsF/fTZFR3ijFnJ8rIahUQ+/i2qbojME="],"block_size":4096,"path":"feedback.css"},{"block_hashes":["Ddrzt4b3WXKKBrhCr4hvcKqc2bboUcabiZar6MZXnto=","hDP8jzIfoDCj7aPTCp7eM9i5KmZyUwQjbfaRryFEdWc=","h9ZLHndA3y6eGE7uLN+trbR37mHGidGjM9n+ejOCL78=","lWJ73weTZSuGCXQy9Mi7gQapAZ+9KmPhrF43T3C7sQM="],"block_size":4096,"path":"feedback.html"},{"block_hashes":["NfjRZg6xFSYqzs2vqUkFvuOqgAHkmA79MaDv0Pb96GA=","bzc/7MWk7ol7nnFOGfsDDU+UTqq2Vm7yKSB22ROhFOA=","OVznpPvT2DkvEfHMHtT27yNcEub6yj8f8yNafykXE9M="],"block_size":4096,"path":"feedback_script.js"},{"block_hashes":["3boQ7XguML8IB/DOheX2FoRvzkSUi2WnQeGSf6xSJUo=","0Wq+858O2oXx9scLjjvIsTtS2kzKxiDhTKP7mm6erfc=","gZGNwJXY5a3YQFlCkJ+IZLd9ZbxSMamjUzuodwu4QLU=","pEeIZ0VGTDOnvwuq/Hj0TYCAmM3WtwR9/PLMvRnJs3E=","CFQjc90eZxRPz9el3VAPqDlWiSoaSKt86mE5zv9eX0M=","K7sobc0x5FUgg4RvuiW+7Gh2uzLVbODmG3qNz40/XKk=","dlnZDknPXUPHAYhMHiBG4dqbkfrRj8wqUEdurh1lrFw=","eWA6L606kKEp2L2oKHJdnm8IhYGMV+jxit2yZYztUPo=","jvvNTO+LCgyZkpPcqWS+FG91L3SmrC2ApmWYfTRywc8=","fx+l1bEO1/OntHCX+xHcm/syZwxMjuJRjnE0wiNO9vQ=","KHUgZfVF3+DtJWN3dIxQv2n/XchDCWihpX+MxMd53AE=","hzBP8HlFmoj+obw9PVijDwoxZ1XbFshal5XUfIYNaiM=","vs/54/aNXXxu85p9mkZgBMMLrVtcE2XI9h7/2CZ6xWQ=","GAx+Rcs+TmKYYCtB8o+bn5a14G4S82a77eAbnoBovIo=","d6ktaFQNvdHn39kqcG2oOR+5obrWi5IlEkmOjUovWqY=","xtQOauU3o2LKLUyDRN9c6yqAbX2PZbNrx1e/yN53+/s=","9jU5TmLOcMVXAAMT2ofki4zUD0ISDEcb6DfB983VWF8=","esXzwA9Vqfu1ekSl+DFuIvtmiIcru/1hxyIzpDMwVYs=","SRLEnMs/7C88JuBouE4PhASBT24/Guu5NfgAQpNFNk4=","iFStjxvglUecgJWweIGTmmb8eGux20H1+vvCivySfuY=","hCe4MX/ku4UPSgM0eYMyYGvOWJCBUXLQrrmqSrNhy+Q=","MmHFdkcAaAxkzBHWgwTI9GNbl/gMI19EoInpDSZHZ9s=","/LBqFvCKSqzkwzEiaS050+MHowmhAqlilXCK1ZvUWCY=","wmiLoOcCAi4yaBdre2X0NE33gt+JertzbFC88jjeL0Q=","v6+8xJ7/F5ZYjeySTnXAUuR1peGMzGtBWu2cc6Lf3xA=","Q2TtLPWTb7zNlxDr9DdItYjSHYr6sHJOdrNQYoqFoh8=","idkjdoyHnGjY0+JS6MLZi1yWohtznIxXmq/iN7yJmso=","GF6i63hulblM6PAxW+jQJSg/uLta7UNUNAr5xOLtg9k=","O9zJgJhpdfEguwiYPItr6Rj9yCABidoeSojn/WPQFwM=","Zl76zKjFIydKJalWcbTQSjM7gbJCNjMTilRNg4nFKxA=","yeiQ+l7Tw4/uZbkJEadwpRNWEdB5QnC80f/snqI+pY8=","wLWF2X8oe3oDgc/TPM7vJwjX8Nz204wf8vA0+GCNB0w=","U8CpoaLcBENAKdsvddc14KQP0HId69CNAD7TKcfT8GU=","Wu7QPiK9UEZP+n5NtEMOQkjuL8PBgJ1gro9W0wBLD2s=","u+jjq1XwPKuo7loS1iJd5uNUDcYpmYn3FRWnT+W1DeQ=","BO992BVSPHBF8iCRDAjL45gn2j3PPBwncIs33SqoPgM=","7RJxM8lH3MFkWCO3YVrHBoIc/Lm1jAftK59+O43vOqE=","6BnXSS6ZR+AWvlJTnq1ZIQp8zfKl573FvsC2CNOk72w=","3tGi7Inm8udl1rcGA5ibkDNup4ZVkEjkvuUjFJuY+jE=","vwOdDum8CfGkv6Xs5+giQrVxjXr+T7OG9pY/q4TiEZc=","UGW5RkQe1yEqsOwxkOJG2Qt9X3lBZh37zXiCgceUd14=","6eQCPj++CSFjEtyDm3Z+7Bn767dBVZxv2BavhrYAogM=","yFTKKkQe3cqnNhIfGEIuJiy40PablRiAyxyf+vNcAR8=","EZ20JzxTig0+VKBamDiLsgjAb7b0h8T4HBO7wj7AaB0=","DIHk5ez+ij25OXTVqlSJKTt/RhLKTgGcamo9yzfYPis=","TZcnCjy2c/P11y2GC9OUvcKoloBBXoNs6wd/9lIBKJM=","DkE4TsHjCES3/hrQIkvre0LP85uFObVUgTeYZ+hEM+c=","geWWBExl4wgLYx2GxZEpoAuNy8kfy+BvpugPrNnyNQw=","3VDeUidG5dLwjIoHYlqScv5OoEygPkwHkC8U3F43duk=","DGCdP3dbZXJiw0Id91RckvsPHaByOVpExlU2+h8mG2Y=","IRQoMRr0ie4zP0HaJbgtvXB3/iJ9ykq2DypXZi80EBo=","7VAFhz4Ksj2jdw9C5P0zFrnH+U+iIRyZzKqIFgH6sH8=","6OeyWP44MGvR9oE3IpP8iU3AQ+ZZjRpzAl8u+SZSBEU=","GYdYgPnyYotzdP0n6SWNsy2TyBqWoR/V4X5DMfXr3MU=","190ukdrCer++Ud5+spyw0lmxA3R3PFhHrxeP11skzCo=","plC28EgSF0459lhnjsDUgZPi4fIRbgRc5qO2RpZX+bg=","9coY+h0dsVr/gQ6a+Ty0jp7rNuALQFkZqiADQdmT17o=","tMZCvH3wk27CZ6NOmYYg3eqqrkjwc7SpWPpsyWEx3fc=","TMYZDL0sfnN7tTVrkRSnvh8Oid/0eMBhqC0mGKqVD1A=","8piE9f8K4ylkm0KosNRRDVdSnEMLaKUIMRHbY87ESnE=","e9e8SSw3BNlvhu8rKu4Kh59Ek5sulfoW0WLCRF+J70s=","/KiIAicCaeoRXDKyTUQQKJBAL3vJdgqogjm4w2g7+2I=","VPO+l5cs5xFIyAswkeU4AKyfRsp4aNVUIWvvPwFLD5g=","jznCfdtuMacwv29eTkCXVjUUxYxN+vtc0+dACv3kqVY=","lhVGCVzfSKImanz/3L7koVi6NZtvw8e5BzGaR5Rdc6Q=","6FHdXDqoYfao57AS/3A/VG+Ov7FTedRelmrXm0xmYtM=","9CZmy7yI392jJ1P3+R5n8M531ruSK2CW3iGlyQKPfeU=","WNzLq6JOBtm3UiOuepxVbBGnRhq4jhDiun2sHpcXi00=","QQ+W/jsBaBhFrtJbS3Bq10j+rwdTHCf77Ii0NwfaiPQ=","c31t5ffy8xWjIm9YB9gSJtntMXpw2q4eVsw7wN87Qh0=","zE81zdKnyOMwLnmEVAYMQTZ4V+OgX2bRqXgI1bXyDoM="],"block_size":4096,"path":"material_css_min.css"},{"block_hashes":["z9mkC+JQ/YIO2Li1urvY2Zqjhu6kUWr5/NdIKjOtib4=","CqExK1jp5/BaNaUli+jadxJU7D/5XjNRbZj4qEYaM+g=","sZP90rZojvm+2jR8WJUeEkRXmuZaC12P+lU37W4STpc=","mevT8aEZ3+6MdR3kvXGqoRp49QtygmcCUo+oiicewG0=","2fjYRIDqM6OPBNpCh6OzW3LS1Du+JMZraaBQIhzAbrA=","R7Xfzd4qj68o+P75qoMlQFtAjbSFhDeuxrWbe/P+/I8=","N+SnO0ota9R6L/KJNGyQVvsScqRJ6uSjcYl26dC0Ibo=","yEzobs4cj+vbxG8RzqMPIBKrvMtpHHWscfkNC+qFhNw="],"block_size":4096,"path":"mirroring_cast_streaming.js"},{"block_hashes":["QHYBWutJYCyFdhzlIHN/XvJO4tSeV/DZdXvbmqYRFbM=","8+QE+X2HHoWt05NxpFvu/b5nENwt+P+ZlbzoVq2FJdM=","vuJGZtq1AV85T4FxEtivoyiljigU/mmb7yHhKPIwIuM=","JiuJ3FqIcK+af8065fYqjAUl76M7cnQmjyhlgbrqQlU=","os6GSiAPBT3+ErpoghZdIh5oP/stq/rtP15fTVoL1sw=","1dVsNFgC8OctRNVIPgNp5dHAHt3+soR64atDH+TzfkI=","WGy1QekKKhm/JUoGs+4DILxgecsLumEGrT66FgpDTRM=","vOq8HH5/7J+0UeawkwLIiFnJkaWtj75LqbHGg/2+8kM=","mud/iBnN5y5lKRBdFLYoLZiKEHlkPB+CY0zXFTPiOVA=","CbbkNHw3X74zn8rv9U7O4Re0dIr/NCeggG/N0RypHQo=","GDpFxRMMcthJKB1PEpyUTXBgmN+TOS03XISX7WHHmyo=","NwjPCms5BF91LYTQabiojJqfb6FIkkF4YUdxN6eRl5M=","eHxNKx46kxuBql8EGsBGUm6YWJCEu3Lu/EEQe20j/7c=","MNOk4GcO3DIlgkcsZ50HUoMW4tVeSNsaDl/a6N6sX8c=","mB+huMIB20mGjX27eZYGG2e3be7nZz10M5oWDwEDLFQ=","FT2sCXmqnOGrUlpnAohHGfXUHfXWUWj0qjW9iUcozBw=","QJh55lCT2D7nDprtQIgzBnYcXMLxWnSJMtvWK6/fiFY=","o4LGBdCuk3sN4d6WMho/DtF710crAVL37lDgXL6FAQI=","awI2sVVnssYN6jcvkrvkgVeSaPO7Ws/rOpdX8jIY6uw=","/qKBzD6uOk0hjIhN6+3vmroImu7jD23FLTF1xBcTE6c=","m46XzDt1wrYJ2jmjJXrWHWrCIBslil+p0D4pbEg08e4=","VmXbvzE0nWo4Sbt+9Rdcm9ac3Rht5HwLR1JpNbYjlLs=","iVpR+PSrEWQIEcZkrISixOsR12/PYlSTah7Cc91DM3k=","5FbaHESyUBHoZuCXBwBnMT8RDpwXTK+vmq/QGBbjRvY=","viK1K5FTfTCzm6T2yxvfJ0xzlvBxmcIBh4cw5IvbcCQ=","QH7mvey7fIu1USyTNep/eqMwwZeek6To57qYUx0Iq2E=","EIN6avGehXoq2m6GdH1dFIQhXfo1G51tyxQ3Jpr1Kpg=","CWYhisLKOqBrxHUV1JLIYFZU9Wn758hudal3Ka0u8cw=","iiYObtZow/AbR/9n4J4N1OANDYUL/kbvIyc+afICClc=","fACzg0kP+K8aCZHhain6McJW9YC0FslJlrINTLOk244=","vzQCOrS7vQ5/PGALzgJmAqyGHX+7kVv98qXu+MjB91o=","4PRsAkWlS/+H7ITo8BqaVjCjlTldYbiO2BiFDupf+t4=","mFF9AIC08GnYy/9omi5lxhRmTjGkPDyTZ5wvdHmcpWk=","ehOrzhUrQjvTACY7v18U2lYDZcCw+9TUUi5uokRviFY=","ZJU+xfX6LjLjTCBa1lbqcWL5PgK1ogMQBI9LVUZn3JU=","h37iZFqlABxTv83HVpRCWijhtvHDoJIuv5qYwtG5XCg=","o81LjAQSqDv2ntIAMNbU02mz8HvmErCT34hl74b+zzg=","Kx9fI4bW+GJPNtNaI6i2DdPLRdDJfzyQSwa3aoswmOg=","VYpq7dDai93loV9wK6Ju5J35Bo0hWzEkNPoxeOT3P1Q=","cw1P1EzjwbFA78gfH4fsyViR+iuZSg9Awc6nOrbl4uE=","hZu18NaY8GQuIklVp/HW1WbMFCtuyg/4JnMUwSNlaL4=","zCcV7Pk7zfYfTuNobxK+WJmrpSt94M/ywPUofWXbjkI=","9hahBf0miEMXPaaKR9snqQaQhHl+3F9pXb3H5T2My3k="],"block_size":4096,"path":"mirroring_common.js"},{"block_hashes":["5IwiQ4/0hKy57T2uMY6HaMBlvvCs/C/JzjL0dinH3+8=","QS8RcV3hjmgvuBfHSqqRzl4ABSxYA1sKv9zvm82KuEw=","DJ51k52y3K4xS5HqTY2lhhLQTWWAGmaqfqwtnS3VJLY=","D+0Zs1fXRn36HPony0uFV3+DwgKXPOmSOt3vkisfvHk=","Ca51XQ1U7UdO+2Ve01ddy89p1lHaETPFvPTXsQrddK8=","ZFX4BfG4/fzfCi+PivMqJ8utpx/VayDUFdjvCcLznuM=","aIYbxD9SUtu40WNSwg3fULyQq60gDkeLYTfldhZngLU=","ee3FepgjW0/Rl7ift+FX4Xl6pJOcZMkzBiFNUmqGbvo=","hW/hqGbmTfDF35SsBk7xXz6ORBjL8Pea5PiNLTF0nss=","55Ez1tgqw3z6Ij7q1FEYRmAjAy5uAxhxuPprIm4i1e0=","ynSV+Sg3kJtc6GdjQ8sIuQZfEO7SK6rA6SN+Da74tVQ=","G7iSo9gkVYYDBKzUaYbdszJdIY7g71uWWqOv1NwGa2U=","NPjWtLFI7Wf2edgk5WdrgvNq73k1NfqppiPpce5Lrsw=","KklQgBHZyzWHr95g0CRcJu/SS/bDI3rix4KVjaT9JNo=","LXgKWDPJ9hDH5IQM+eCxXiJXhzorbkq4m5U60UUJKGo=","jX7/mqBIiLa25ktHrNCeB/C1r4I1k0Z8EwCZDo+oP9k=","Q+QXXmR5lWq2Ts/mGQffSDqKwW6pyneCm3r67dLh7pk=","25U6zQBQqu1wZDls0fX/SmuUe2H3znQhbizB7sNmVsQ=","PZ/lycmDeVW60MuHUzLCYUBje8Wkri1wH1+0zVAB1Ds=","55+RT8E72/vCw4a70JFL9+0vrdicRcV+2Mq2CGXa/bg=","+y1xhu2xhxD3KXAcpSj0rT4d6UarJY5HAF6Kp6edDHY=","kytvz51qVn5lplil8UZfRHWt/zuHvYV8P5+zjqy9l8Y=","HFK3jdTrUGOjfiBdLqFjET5E6eXaZ1dSSit+Gexww5c=","19tvzkBlx8oKbauGwPCiHzqDE1G/iJAhUjtEwW+Xyj0=","D6FSgcFnRQdIU12Cgx1lqgTjeUwZK7MiwKzDFcSeu3w=","SjTURK3h5wCDEXCKnuxo5mrO+6UE7Gim3jDb6at+pKg=","GR4yiQ5fxyzDPgwIXqnrrEv/aoKlosydRZQm37jw+nc=","g/GOr84kSXCkwoskLuCTFJoH7gplDCPq6ApZOUEtOfY=","tletWe9TXVkjlDQP7/4210N+w8hffX6JCR9XQJbCE2I=","sTzAnR9/WVBhVXjubs+1GMoAGJGSbi/9Gw81dlVYkRY=","T2iD74p+jR7INM5ff1bCDSexuNFdRBF6R1sXROYJ8co=","BZGyYwDbYuZLOYpz0qf/+fJWXeOOEtRnpH4UH4Fh2pA=","WwMf3I16MrfHYdSbd6IDG3QKdEuzKcWjqnXcVjCbwaY=","7Q+nTKAa0aSXCsAcux54o/X/Sr8s8WNKy3Y53VQ7bwg=","IDhtY9/RGTU9CYX50JmmXm0+RjFYO2fxqYCw48lUxYE=","TAT0FHFQk49+wDTtB5j/GHGx1JQ6l9Mq1U9fbl649aU=","/P1JA1DKEh8I+vlgcDPc86gdFQiZxiNVL+4KYbeyxqc=","Gz+e1jaGNjGtSeQoLxilbRi6oo84EwEthbOD8pPnS9E=","z22YGXYQFu29mkNJsDY+MgP/3S/3BR9LGINn8vsHWOk=","aqdayZH3dxWzdCHx40Wdmu2FMkZ3FLo1sR8cyb/6Em4=","nwMFCutln/wluJRZVi4B3gij4JySHhgVLAtdJxQF5Pw=","e9jOI0L/5jCVcksyEY336QNgo2t7tFzZNPz/gDufcsM=","ifcpx0+2SEYUX9Zst8LHfL4qbztZrDVtM/nHWlzqWYQ=","/+tEWs9be3YjNHmqOmOGZHUNzLAWS8IyWmK1b5rDfOg=","YUu7AmB+00EH2nW6kPTRp3MLqCWwz4u+vJrR6Gtk174=","Iw1DX84MvjL//Xl1MbU6bkEfsnPTMLi5+zI4yjbDq7k=","4N+qfjIPiOqgeTs7j4wGghH0HUQcVpDiC+XbcfUcRYs=","H5Oc7n3NuSt8f+tEdEU0AoZuKbQGvT3mttL8+87dWxY=","FLkjHb0Sl6CgXjZ5H0zIIrYIQdaH1gJmQLjfQ0ImPm8=","mAe2XDF2UzhNhM4O5tI6I4GXqmsO1Tf8YD/ppzR7weE=","S7ElI64hvKlUikns9wlUbzXJEt7qS0Zt9ZHanp1Em2E=","2WBNq81fql7W3h3b3WzXNFRW6DawdBW7RbIHcmFjmbk=","z96o+a970oA9qSoZH1j92F4MeVCKh4PS/19K6t+yan8=","e+iCBHHgVVElZIjK9vH6e9IOqqK3dvNPM/93IhYoE6M=","AAF/WH6cKXa1jXS0qIk7xPJL241mbZzP/cXH97RnNyI=","1F+PFj8qiSdjYlfC6bk1aik7cxk8pohYr+WoNio4ZAQ=","jjvjvH8KpFpcoIZ8YyGCPv9lgD4StT/LiWw5u4lfJcA=","MgZ+4tBwDTdGj6BHC21fukGHBegGMwlO15oMuwkIi3Q=","WJSDi0lmmItAdfft1EutceLXBXRN3B9G1oQFID98t8s=","juFVk208Vf9s+ziyRa74jMsSJboG7Y/U5bPHMLo4u2A=","16ieAsB8n/5u/4HuvnYLU5VMpSTb4npXT0AwHe4iYr4=","KfiXExA4P4ESsWMgKVu9zc5GbWcYKkjx6JfQiPbfqiU=","9EFJRAZFzQTCoD3bzepSSCfjV8hxsUkIygga1w8ERlc=","TVXXfM0Ag3cwDCl/3QJuNyxGd4AR37RjfKf7witfLZw=","dJ2rjwgOI7DFoc9/Q/Q7byImg+WAMTIUU9MD/Z+tD30=","4+zcax6thS/Cnk+XSrhbe2v3uaXBjm+Cft9iRn0p2Co=","hiK0RFpKvCPPmeDn/UljM9lWKch4aXfwYOgbSsvnbM8=","TsmD8fZIKQ+yv4lZ8vU/932BszlKwQNK1jbXLW6dnjU=","yHsECMWNQNdzON76hFnCDKN6iyOfi7CDX9/Z9agyrhI=","r8MFnuWy55nS5M60e8ng8LP/pSMAiAEYEq1l4cWeNjw=","bAfoHBIxPyzpGdya68QXtqDOUCfTNkdpdYSn6ZZFp1k=","hwi/KtI4ujqN3O/ls2nv3FU08O75smWw8DCnqQfC8mw=","dalVX1pwOWn6Om2Cy4J97retd9VgCMlgZrw7Lqx65M0=","x0bWUbeLnxQWm+FRQvz3FLzz7DKqcd6RVRsBn5/isZE=","oYAwofNfOrtnj+z53NvRBepIWVzqCJnY0BlFV6AVyNs=","9F/f3e55GZQJ5T9BCYRDbUBnp0Y7R38b/eoJdgzr0zI=","1qBml6g4iPCij90pKyDmGoCivnxK/20ED6TsdV5DpAg=","q4wVAeCf2/Bt31FrBhewE0emUFRORp06Ektgn3felAk=","wX3DsngAQrABfEb4H+GiZvIhySA4YM11tGPjofP60fo=","sphHpaAMrXyYgQlmSrEn2RIi+h+6uCcG1K8wHPO+P1k=","5/LdPS+1zYsbUYUUUrZbadwlpKjL1ApswApdbIASa6s=","cnQtqCNBcHBH1TXy8BH2weHNqkvOx8IBOjd2QbLCzsY=","XLOotBd6jkMBbmr6J1zMMnVBp1japwIuPAksjaU0liY=","n5PcN2sHzmcKOkIec7MWiB18DSX7fp44DcmXimikylg=","O9fhncLKflp1hpe93VCXU6aEdYozIbuSQsohvEVVCoQ=","ENAtA5MF9EFgSZYcmtYMks3t+7lARCS5N3E8N0jonOE=","J4g+dXN1Zx/A3xFGqf71yHIgdNQxdwzOVNRX2XiecHM=","6E6TJKB/g5tBrkdvnQUpaIHPccREM4D1Im7T1id1ups=","DZu9IVyk3aOxSdUjsRRZZU3Z9md0MugrxYrRfiVZrOM=","TV0fz1Kr2gPQoc9uyYTbMyIlWmzM59udVkSSLMIe8A8=","R1277Yix+UF1QCjaVonzFtkDTWLh5aFOaKGS3UHZth4=","8HC0xnm32rgLEEz53FGVrg2rNS8GOlHzUNeB01++wzQ=","4/wG4IlNiLyPqU4vTmDQ9ITnWrWBECyH7w9sLaswpHU=","aTMC2RV8oMAJMcIsWMSjuVkZqsk7rgGdlrr5g0sjJ4o=","yg6HbfHxjZsYI0DZDd0qTJ6L6hesS4kOktCQEgR6TnA=","IZ53ehbjBNnnYxVQApK0C4PH+cdheQU+tMVLupxRX3U=","Lu6HKKA7InNZ5w/hs47HFEMNif8CR4Z7Y4uRDyC58Vs=","Pmc+IdV5QQQdRzF/vx7+YGSpR1kpI7HElzz1VX/Xskw=","5SMBh1ktxF7NF05P755bSe5N1VaCR2DI//OPebS521I=","jew7qUiMABuJRqGKf8l/9J43TDcU+EUCgO6f3RhUEFU=","149Zk9y67jBO/2KHag7eeSXX0hF3la/njNfhuDYYsmk=","f8YFWS3nakrmcEJpMNAkpyCvBHNqXiIcwzBhXzW1u5w=","Y0DED0q3o1eCqoXebuRPFAXTu5zfmarx1TynK30gJYc=","lzxiAkV3Wy1/QywV8EC1qEfgpxtVrRYtUI1vrA9uWXk=","DbNzegm6fk7mcON6KJgR3mm5Cz1ZRt3TFIQ1C+tP230=","EaB9qGqAp2J4rthVeS+ImWillk+rHVYUSTvmc/fsLns=","7dQhEX0R1jE63sSe51lUCyq+84+BKdmDYeTA/Y2zTdo=","uxEKvM+oYpCR7UrQLZJK+MAB0V6ok7WAlXAq6pJLwKg=","t2AALInEuWAvvDmN0YINWgUz//OyYPzoQQ8SA8mXY2A=","xE3NqRSdkHeEqtHHnuMcdj9hxUMih5qtF8Eh7XkEy7k=","VXhypIcjCYz2DubPehbKKT0TxDT9PmwG3GGr3QnxoVs=","ckww7j1mzYY/a/bWy+whUMIxePI3c9mG9tvYkYOmQFU=","B2GvmczO8Ztum3/FL1oAeLpMQpy0fdLhVoGU+bp2FOs=","FBi4vXT77YuNjF936HOfJT0PYBSrncCg7WMFimOvTGU=","ovS+uJ8TvBquuq/Oy0Orb1Y5iTzpjqzeBykTA+r6af0=","7hi7Dmy0gMLAjISs8T2YybtvW+7xDaq6CPzpTL0dTxA=","fzQSqiJxbva9zVnBsAV+N/mRi5M8NyTr2SsRTjCqd6c=","eFgaMGbfBjrbetQQ5SSOXj7YCLCZuERKAVMz1ar5wg0=","f0vbYVu+hIjPKM4YFPgu1QN8K13VLIF/7aX//Zr2rGQ=","rjXVW8r8OfbwcO6JV1F/5jN6sZBtcc0LPQzKuMPACFw=","G1IuqFQtUGdHesmlWZil60ZopZowpmowu5s5xtiAR8w=","qPcXXVg2ph9Fjmjd6W04rduTww3OaijHCYfytGFI6j8="],"block_size":4096,"path":"mirroring_hangouts.js"},{"block_hashes":["d/3GrtJC6CdWa6+pkQoq8Xrrtkvd3CflqXBTGve96Qg="],"block_size":4096,"path":"mirroring_webrtc.js"}],"version":2}